use projetovenda;

insert into cliente(nomeCliente, cpf, CEP, UF, nResidencial, cidade, bairro, rua, tipoLogradouro, complemento, observacao) values
("João da Silva","55214047897","12345678","SP", 13 ,"São Bernando Do Campo","Jardim Alegre","Rua Principal","Casa","",""),
("Silva da silva","78954625784","78945612","SP", 15 ,"Caieiras","Jardim Angela","Rua Azul","Casa","",""),
("Lima da silva","25078945617","87945658","SP", 26 ,"São Paulo","Bairro Alegre","Rua Paulo Gustavo","Predio","",""),
("João da Silva","55214547898","12345674","RJ", 90,"Belford Roxo","Jardim Alegre","Avenida Principal","Casa","",""),
("João da Silva","55216547897","12365678","SP", 87 ,"São Bernando Do Campo","Jardim Triste","Rua do portao","Casa","",""),
("Felipe Zanuto","55218547897","12865678","SP", 55,"São Jose do rio preto","Jardins","Rua do bolo","Predio","nenhum","Cao Bravo"),
("felipe da Silva","55766547897","17365678","SP", 12,"Ribeirao preto","Parque Derrota","Rua dos comercios","Casa","Casa A",""),
("João da Silva","85214447897","14268878","SP", 33 ,"Lapa","Parque das graças","Rua dos pagos","Casa","",""),
("maria da Silva","55216337807","12363378","MG",23 ,"Uberaba","Jardim dos milagres","Rua Chico Xavier","Casa","",""),
("João do Joao","55210047897","12365008","SP", 5,"São Bernando Do Campo","bairro dos jardins","Rua do tempo","Casa","","");

insert into produto(valor, nomeProduto, marca, tipo, genero, categoria) values
( "20.00", "Camisa rosa", "nike", "camiseta" ,"unisex", "roupas basicas"),
( "100.00","Camiseta Corinthians", "nike", "camiseta" , "unisex", "roupas basicas"), 
( "15.00" , "Bandana Vermelha", "Lenços", "Unisex", " Acessorio " , "Lenços Plus" ),
( "20.00" , "Camisa Vermelha", "Camisetas", "Feminina", " Roupa " , "Nike" ),
( "50.00" , "Calça Cargo Bege", "Calças", "Masculino", " Roupa " , "Nike"  ),
( "11.90" , "Cueca Box Vermelha", "Cuecas", "Masculino", " Roupa " , "Puma" ),
( "20.00" , "Baby Look Cinza", "Blusas", "Feminino", " Roupa " , "Nike" ),
( "20.00" , " Baby Look Cinza", "Blusas", "Feminino", " Roupa " , "Nike" ),
( "15.00" , "Escapulatorio Corinthians", "Colares E Acessorios", "Unisex", " Acessorio " , " Correntes E Cia" ),
( "65.00" , "Camisa Branca Corinthians", "Camisetas", "Unisex", " Roupa " , "Nike" );

insert into tamanho(tipoTamanho) values
( "PP" ),
( "P" ),
( "M" ),
( "G" ),
( "GG" ),
( "XGG" );    

 insert into tamanhoP(codProduto, codTam, quantidade) values
( 1, 4 , 70 ),
( 2, 2 , 78 ),
( 3, 1 , 45 ),
( 4, 4 , 31 ),
( 5, 3 , 90 ),
( 6, 1 , 90 ),
( 7, 2 , 39 ),
( 8, 6 , 17 ),
( 9, 5 , 28 ),
( 10, 5 , 69 );

insert into venda(codCliente,dataHora) values
(  1 , "2022-04-19 12:04:25" ),
(  2 , "2022-06-08 15:04:25" ),
(  3 , "2023-10-25 20:10:30" ),
(  4 , "2022-12-01 14:25:25" ),
(  5 , "2022-10-29 15:45:38" ),
(  6 , "2023-06-15 05:04:45" ),
(  7 , "2022-08-08 13:06:25" ),
(  8 , "2022-08-08 21:04:25" ),
(  9 , "2023-01-20 23:50:25" ),
(  10 , "2022-02-08 22:30:25" ),
(  9 , "2023-04-19 12:04:25" ),
(  8 , "2022-06-08 15:04:25" ),
(  5 , "2022-10-25 20:10:30" ),
(  1 , "2023-12-01 14:25:25" ),
(  4 , "2022-10-29 15:45:38" ),
(  7 , "2022-06-15 05:04:45" ), 
(  2 , "2022-08-08 13:06:25" ),
(  3 , "2022-08-08 21:04:25" ),
(  5 , "2023-01-20 23:50:25" ),
(  6 , "2023-02-08 22:30:25" );

insert into vendaitem(valorUnitario, quantidadeVenda, codVenda, codProduto) values
( 20.00 , 16, 1, 1),
( 50.00 , 01, 10, 5),
( 100.00 , 5, 10, 2),
( 20.00 , 50, 4, 7),
( 11.90 , 30, 10, 6 ),
( 15.00  , 1, 7, 9 ),
( 45.00  , 5, 8, 4 ),
( 190.00 , 8, 10, 4 ),
( 78.00 , 29, 10, 3),
( 56.50 , 19, 7, 4),
( 90.00 , 15, 8, 2),
( 100.00, 29, 10, 3),
( 200.00 , 1, 2, 9),
( 77.00 , 80, 6, 3),
( 98.00 , 6, 7, 3),
( 8.00 , 9, 2, 1),
( 10.00 , 56, 4, 2),
( 38.00 , 100, 7, 4),
( 19.00 , 46, 2, 5),
( 50.80 , 89, 5, 3),
( 67.00 , 60, 1, 4),
( 45.00 , 80, 7, 4),
( 78.00 , 238, 5, 7),
( 70.00 , 209, 9, 4),
( 48.00 , 98, 7, 9),
( 98.00 , 17, 9, 7),
( 45.99 , 2 , 8, 1),
( 10.99 , 1, 5, 10),
( 89.99 , 60, 8, 7),
( 17.00 , 3, 4, 3),
( 67.00 , 5, 9, 6),
( 6.00 , 1, 2,8),
( 98.00 , 10, 6, 2),
( 56.99 , 89, 1, 5),
( 66.00 , 59, 7, 9),
( 56.00 , 78, 7, 10),
( 89.00 , 129, 5, 6),
( 88.00 , 46, 4, 9),
( 11.98 , 79, 6, 3),
( 98.00 , 79, 7, 8);